{
	"class_name" : "PinholeCameraTrajectory",
	"parameters" : 
	[
		{
			"class_name" : "PinholeCameraParameters",
			"extrinsic" : 
			[
				-0.69847275079971816,
				0.48145461066026402,
				-0.52946886052368414,
				0.0,
				-0.71454484224273052,
				-0.42833742387356877,
				0.55312993024574808,
				0.0,
				0.039515627473016873,
				0.76467542734373806,
				0.64320292754470998,
				0.0,
				1.3886409829012805,
				-1.1818405264642415,
				5.0636119195271121,
				1.0
			],
			"intrinsic" : 
			{
				"height" : 600,
				"intrinsic_matrix" : 
				[
					519.6152422706632,
					0.0,
					0.0,
					0.0,
					519.6152422706632,
					0.0,
					399.5,
					299.5,
					1.0
				],
				"width" : 800
			},
			"version_major" : 1,
			"version_minor" : 0
		}
	],
	"version_major" : 1,
	"version_minor" : 0
}